partner,type,relationship_year,status_2026,activation_segment,relay_status,contact_name,preferred_tone,logo_source,custom_angle,kit_status,send_status,published_url,notes
Paymium,partner-2026,2026,CONFIRMÉ,relay-covered,relay-covered,,amical et complice,01_Programme-Intervenants/Logos Participants/organisation--paymium--logo--2026-07-19--source.svg,,NON DÉMARRÉ,NON ENVOYÉ,,Relais déjà assuré ; exclu de la première vague du kit
Cercle du Coin,partner-2026,2026,CONFIRMÉ,relay-covered,relay-covered,,chaleureux et communautaire,01_Programme-Intervenants/Logos Participants/organisation--cercle-du-coin--logo--2026-07-22--source.jpg,,NON DÉMARRÉ,NON ENVOYÉ,,Relais déjà assuré ; exclu de la première vague du kit
Bitstack,partner-2026,2026,CONTRADICTOIRE,relay-covered,relay-covered,,amical et direct,validé ; nom exact à relever avant production,,NON DÉMARRÉ,NON ENVOYÉ,,Relais déjà assuré ; statut financier divergent entre les registres ; exclu de la première vague du kit
Bitcoin.fr,community,2026,À VALIDER,relay-covered,relay-covered,,familier et éditorial,01_Programme-Intervenants/Logos Participants/organisation--bitcoin-fr--logo-blanc--2023-10-13--source.svg,,NON DÉMARRÉ,NON ENVOYÉ,,Relais déclaré assuré par Cyrille ; exclu de la première vague du kit
Cryptoast,community,2026,À VALIDER,relay-covered,relay-covered,,amical et accessible,plusieurs variantes ; source exacte à sélectionner,,NON DÉMARRÉ,NON ENVOYÉ,,Relais déclaré assuré par Cyrille ; exclu de la première vague du kit
Neowalt,partner-2026,2026,CONFIRMÉ,partner-2026,candidate,,amical et complice,01_Programme-Intervenants/Logos Participants/organisation--neowalt--symbole--2026-09-05--source.png,Soutien à distance autour des lots du quiz ; ne pas suggérer de présence physique,VALIDÉ,ENVOYÉ,,Kit et visuels validés et transmis lors de la première vague ; aucune publication du destinataire attestée
PlebStyle,partner-history,2025,ANNULÉ,historical-relay,candidate,,amical et sans pression,01_Programme-Intervenants/Logos Participants/organisation--plebstyle--logo--2025-09-22--source.jpg,A participé à une édition antérieure ; ne pas suggérer de présence en 2026,VALIDÉ,ENVOYÉ,,Kit et visuels validés et transmis comme relais historique ; aucune présence 2026 suggérée et aucune publication attestée
Renaud Lifchitz,speaker,2026,CONFIRMÉ,speaker-friend,candidate,,personnel et enthousiaste,,Intervenant confirmé et public ; parler de Reticulum sans ajouter de promesse technique,VALIDÉ,ENVOYÉ,,Kit et visuels validés et transmis lors de la première vague ; aucune publication du destinataire attestée
Visiteurs B-Only 2025,attendee-history,2025,NON VÉRIFIABLE,attendee-2025,candidate,,chaleureux et reconnaissant,,,VALIDÉ,ENVOYÉ,,Plus de 160 visiteurs annoncés par Cyrille le 17 septembre 2026 ; kit et visuels transmis au segment agrégé ; volume exact sélection et coordonnées conservés dans Pretix ou l’outil autorisé
