channel,link_type,utm_source,utm_medium,utm_campaign,utm_content,alias,short_url,destination_url,status
X,replay,x,social,bonly25_replays,alexandre_monnaie_climat,b25-alex-x,https://go.alpinechain.xyz/b25-alex-x,https://video.alpinechain.xyz/videos/watch/235779ab-290d-429a-81f2-64ca0b0dac53?utm_source=x&utm_medium=social&utm_campaign=bonly25_replays&utm_content=alexandre_monnaie_climat,Actif - HTTP 302 exact vérifié le 2026-08-08
X,billetterie,x,social,bonly25_replays,alexandre_monnaie_climat,b25-alex-x-billet,https://go.alpinechain.xyz/b25-alex-x-billet,https://join.alpinechain.xyz/org/bonly26/?utm_source=x&utm_medium=social&utm_campaign=bonly25_replays&utm_content=alexandre_monnaie_climat,Actif - HTTP 302 exact vérifié le 2026-08-08
LinkedIn Annecy Bitcoin Meetup,replay,linkedin_abm,social,bonly25_replays,alexandre_monnaie_climat,b25-alex-li-abm,https://go.alpinechain.xyz/b25-alex-li-abm,https://video.alpinechain.xyz/videos/watch/235779ab-290d-429a-81f2-64ca0b0dac53?utm_source=linkedin_abm&utm_medium=social&utm_campaign=bonly25_replays&utm_content=alexandre_monnaie_climat,Actif - HTTP 302 exact vérifié le 2026-08-08
LinkedIn Annecy Bitcoin Meetup,billetterie,linkedin_abm,social,bonly25_replays,alexandre_monnaie_climat,b25-alex-li-abm-billet,https://go.alpinechain.xyz/b25-alex-li-abm-billet,https://join.alpinechain.xyz/org/bonly26/?utm_source=linkedin_abm&utm_medium=social&utm_campaign=bonly25_replays&utm_content=alexandre_monnaie_climat,Actif - HTTP 302 exact vérifié le 2026-08-08
LinkedIn AlpineChain,replay,linkedin_alpinechain,social,bonly25_replays,alexandre_monnaie_climat,b25-alex-li-ac,https://go.alpinechain.xyz/b25-alex-li-ac,https://video.alpinechain.xyz/videos/watch/235779ab-290d-429a-81f2-64ca0b0dac53?utm_source=linkedin_alpinechain&utm_medium=social&utm_campaign=bonly25_replays&utm_content=alexandre_monnaie_climat,Actif - HTTP 302 exact vérifié le 2026-08-08
LinkedIn AlpineChain,billetterie,linkedin_alpinechain,social,bonly25_replays,alexandre_monnaie_climat,b25-alex-li-ac-billet,https://go.alpinechain.xyz/b25-alex-li-ac-billet,https://join.alpinechain.xyz/org/bonly26/?utm_source=linkedin_alpinechain&utm_medium=social&utm_campaign=bonly25_replays&utm_content=alexandre_monnaie_climat,Actif - HTTP 302 exact vérifié le 2026-08-08
Facebook,replay,facebook,social,bonly25_replays,alexandre_monnaie_climat,b25-alex-fb,https://go.alpinechain.xyz/b25-alex-fb,https://video.alpinechain.xyz/videos/watch/235779ab-290d-429a-81f2-64ca0b0dac53?utm_source=facebook&utm_medium=social&utm_campaign=bonly25_replays&utm_content=alexandre_monnaie_climat,Actif - HTTP 302 exact vérifié le 2026-08-08
Facebook,billetterie,facebook,social,bonly25_replays,alexandre_monnaie_climat,b25-alex-fb-billet,https://go.alpinechain.xyz/b25-alex-fb-billet,https://join.alpinechain.xyz/org/bonly26/?utm_source=facebook&utm_medium=social&utm_campaign=bonly25_replays&utm_content=alexandre_monnaie_climat,Actif - HTTP 302 exact vérifié le 2026-08-08
Instagram,replay,instagram,social,bonly25_replays,alexandre_monnaie_climat,b25-alex-ig,https://go.alpinechain.xyz/b25-alex-ig,https://video.alpinechain.xyz/videos/watch/235779ab-290d-429a-81f2-64ca0b0dac53?utm_source=instagram&utm_medium=social&utm_campaign=bonly25_replays&utm_content=alexandre_monnaie_climat,Actif - HTTP 302 exact vérifié le 2026-08-08
Instagram,billetterie,instagram,social,bonly25_replays,alexandre_monnaie_climat,b25-alex-ig-billet,https://go.alpinechain.xyz/b25-alex-ig-billet,https://join.alpinechain.xyz/org/bonly26/?utm_source=instagram&utm_medium=social&utm_campaign=bonly25_replays&utm_content=alexandre_monnaie_climat,Actif - HTTP 302 exact vérifié le 2026-08-08
Nostr,replay,nostr,social,bonly25_replays,alexandre_monnaie_climat,b25-alex-nostr,https://go.alpinechain.xyz/b25-alex-nostr,https://video.alpinechain.xyz/videos/watch/235779ab-290d-429a-81f2-64ca0b0dac53?utm_source=nostr&utm_medium=social&utm_campaign=bonly25_replays&utm_content=alexandre_monnaie_climat,Actif - HTTP 302 exact vérifié le 2026-08-08
Nostr,billetterie,nostr,social,bonly25_replays,alexandre_monnaie_climat,b25-alex-nostr-billet,https://go.alpinechain.xyz/b25-alex-nostr-billet,https://join.alpinechain.xyz/org/bonly26/?utm_source=nostr&utm_medium=social&utm_campaign=bonly25_replays&utm_content=alexandre_monnaie_climat,Actif - HTTP 302 exact vérifié le 2026-08-08
Blog,replay,blog,article,bonly25_replays,alexandre_monnaie_climat,b25-alex-blog,https://go.alpinechain.xyz/b25-alex-blog,https://video.alpinechain.xyz/videos/watch/235779ab-290d-429a-81f2-64ca0b0dac53?utm_source=blog&utm_medium=article&utm_campaign=bonly25_replays&utm_content=alexandre_monnaie_climat,Actif et réservé - HTTP 302 exact vérifié le 2026-08-08 - article non fourni
Blog,billetterie,blog,article,bonly25_replays,alexandre_monnaie_climat,b25-alex-blog-billet,https://go.alpinechain.xyz/b25-alex-blog-billet,https://join.alpinechain.xyz/org/bonly26/?utm_source=blog&utm_medium=article&utm_campaign=bonly25_replays&utm_content=alexandre_monnaie_climat,Actif et réservé - HTTP 302 exact vérifié le 2026-08-08 - article non fourni
